"Region, development group, country or area",Notes,Location code,Type of data,1990,1995,2000,2005,2010,2015,2020
WORLD,,900,,75 422 690,79 708 475,85 510 752,93 783 747,107 042 306,119 720 586,134 942 261
  Sub-Saharan Africa,,947,,6 237 924,6 761 344,6 211 237,6 633 203,7 466 593,9 855 568,10 570 519
  Northern Africa and Western Asia,,1833,,7 471 631,7 864 355,8 261 331,8 867 261,11 478 799,14 916 129,17 831 662
  Central and Southern Asia,,921,,12 913 106,10 604 668,10 013 959,9 459 367,9 859 683,9 662 404,9 699 640
  Eastern and South-Eastern Asia,,1832,,3 327 975,4 148 930,5 340 299,6 543 109,7 894 310,8 926 996,9 670 168
  Latin America and the Caribbean,,1830,,3 553 754,3 326 324,3 273 509,3 611 615,4 187 157,4 702 854,7 321 202
  Oceania (excluding Australia and New Zealand),,1835,, 114 440, 127 508, 139 830, 144 824, 139 717, 142 462, 147 564
  Australia and New Zealand,,927,,2 201 841,2 359 437,2 545 236,2 891 102,3 449 346,3 923 349,4 587 233
  Europe and Northern America,,1829,,39 602 019,44 515 909,49 725 351,55 633 266,62 566 701,67 590 824,75 114 273
  Developed regions,,901,,42 340 412,47 557 505,53 160 103,59 604 725,67 177 717,72 696 292,81 125 346
  Less developed regions,,902,,33 082 278,32 150 970,32 350 649,34 179 022,39 864 589,47 024 294,53 816 915
" Less developed regions, excluding least developed countries",,934,,27 572 290,26 293 270,27 320 633,29 358 636,34 617 916,40 272 379,45 667 714
" Less developed regions, excluding China",,948,,31 695 274,30 541 810,30 521 804,32 194 960,37 715 976,44 724 776,51 344 501
  Least developed countries,,941,,5 509 988,5 857 700,5 030 016,4 820 386,5 246 673,6 751 915,8 149 201
  Land-locked Developing Countries (LLDC),,1636,,7 578 670,6 658 264,6 180 896,6 142 167,6 049 745,7 117 801,7 758 651
  Small island developing States (SIDS),,1637,,1 097 502,1 342 364,1 643 456,1 936 047,2 289 240,2 525 968,2 671 180
  High-income countries,,1503,,37 032 388,42 917 272,49 828 008,57 935 930,68 332 225,75 873 719,86 569 390
  Middle-income countries,,1517,,33 695 021,32 171 195,31 859 584,32 005 226,34 071 846,38 394 173,41 883 420
 Upper-middle-income countries,,1502,,17 564 670,17 528 553,17 706 861,18 729 961,20 446 343,24 406 428,27 513 056
 Lower-middle-income countries,,1501,,16 130 351,14 642 642,14 152 723,13 275 265,13 625 503,13 987 745,14 370 364
  Low-income countries,,1500,,4 567 244,4 460 769,3 626 920,3 615 509,4 383 766,5 175 361,6 185 645
 AFRICA,,903,,7 410 539,7 737 176,7 054 986,7 336 797,8 263 051,10 720 794,11 950 391
  Eastern Africa,,910,,2 889 827,2 413 817,2 363 214,2 240 158,2 337 739,3 319 579,3 835 823
   Burundi,,108,B R, 169 843, 130 688, 64 534, 98 361, 125 559, 151 329, 174 642
   Comoros,,174,B, 7 362, 7 325, 7 288, 6 923, 6 558, 6 484, 6 452
   Djibouti,,262,B R, 57 979, 47 298, 47 587, 40 779, 48 638, 53 270, 56 875
   Eritrea,,232,I R, 5 620, 5 858, 6 096, 7 302, 7 134, 7 108, 6 119
   Ethiopia,,231,B R, 548 106, 382 787, 289 165, 244 617, 270 679, 570 233, 548 710
   Kenya,,404,B R, 136 830, 296 556, 354 919, 372 990, 481 832, 563 977, 520 172
   Madagascar,,450,C R, 10 569, 9 276, 10 265, 11 314, 12 495, 13 805, 15 301
   Malawi,,454,B R, 581 204, 125 426, 121 090, 115 730, 113 853, 103 639, 97 750
   Mauritius*,,480,C, 1 850, 4 265, 9 838, 10 704, 11 648, 12 753, 12 890
   Mayotte*,1,175,B R, 6 449, 11 637, 21 928, 31 812, 38 257, 43 729, 59 931
   Mozambique,,508,B R, 56 272, 77 046, 92 527, 138 404, 158 366, 166 284, 173 360
   Réunion*,2,638,B, 26 486, 36 449, 48 414, 55 880, 60 322, 62 672, 64 917
   Rwanda,,646,B R, 79 261, 105 952, 171 335, 209 908, 212 853, 258 320, 254 000
   Seychelles,,690,B, 1 517, 2 127, 2 737, 3 177, 3 616, 3 837, 3 914
   Somalia,,706,I R, 234 093, 9 245, 9 469, 9 670, 22 893, 19 406, 26 305
   South Sudan,,728,B R,..,..,..,.., 111 626, 413 168, 438 847
   Uganda,,800,B R, 260 936, 298 706, 293 421, 301 178, 251 027, 435 330, 892 649
   United Republic of Tanzania*,,834,B R, 290 635, 558 954, 467 784, 284 170, 155 256, 193 950, 213 010
   Zambia,,894,B R, 136 434, 119 009, 168 589, 124 267, 74 021, 65 456, 90 399
   Zimbabwe,,716,B R, 278 381, 185 213, 176 228, 172 972, 171 106, 174 829, 179 580
  Middle Africa,,911,, 716 302,1 307 038, 860 019, 958 056,1 195 189,1 650 942,1 830 738
   Angola,,24,B R, 15 375, 19 058, 22 741, 31 595, 174 035, 327 543, 325 033
   Cameroon,,120,B R, 120 098, 110 846, 103 234, 119 374, 129 989, 257 035, 292 955
   Central African Republic,,140,C R, 31 548, 46 737, 57 893, 45 110, 44 274, 38 421, 42 189
   Chad,,148,B R, 34 209, 41 286, 48 362, 192 385, 230 213, 251 328, 297 946
   Congo,,178,B R, 65 075, 95 813, 152 773, 145 495, 194 068, 176 378, 176 203
   Democratic Republic of the Congo,,180,B R, 391 077, 915 584, 379 295, 320 650, 305 189, 416 052, 493 819
   Equatorial Guinea,,226,C, 1 275, 1 699, 2 123, 3 024, 3 924, 48 084, 52 902
   Gabon,,266,C R, 55 016, 73 627, 91 445, 98 717, 112 149, 134 904, 148 619
   Sao Tome and Principe,,678,C, 2 629, 2 388, 2 153, 1 706, 1 348, 1 197, 1 072
  Northern Africa,,912,,1 172 615, 975 832, 843 749, 703 594, 796 458, 865 226,1 379 872
   Algeria,,12,B R, 123 720, 118 336, 112 952, 89 294, 102 374, 112 951, 118 236
   Egypt,,818,B R, 81 838, 78 410, 86 550, 119 795, 135 913, 146 208, 254 385
   Libya,,434,C R, 214 368, 207 135, 198 486, 179 727, 195 889, 221 993, 232 740
   Morocco,,504,C R, 25 871, 24 096, 25 801, 27 736, 35 308, 46 037, 49 651
   Sudan,3,729,B R, 706 511, 527 695, 400 468, 268 335, 304 157, 308 638, 693 970
   Tunisia,,788,C R, 19 084, 18 822, 18 040, 17 040, 20 936, 27 279, 28 671
   Western Sahara,,732,I, 1 223, 1 338, 1 452, 1 667, 1 881, 2 120, 2 219
  Southern Africa,,913,, 553 453, 483 270, 521 843, 672 894,1 000 721,1 571 935,1 352 479
   Botswana,,72,B R, 10 896, 16 651, 31 094, 35 502, 40 844, 44 402, 47 451
   Eswatini,,748,B R, 35 086, 16 456, 16 163, 16 023, 15 847, 15 725, 15 937
   Lesotho,,426,C R, 3 922, 3 377, 2 832, 2 888, 2 945, 4 115, 5 523
   Namibia,,516,B R, 56 893, 54 062, 62 393, 49 722, 48 023, 46 879, 50 367
   South Africa,,710,B R, 446 656, 392 724, 409 361, 568 759, 893 062,1 460 814,1 233 201
  Western Africa,,914,,2 078 342,2 557 219,2 466 161,2 762 095,2 932 944,3 313 112,3 551 479
   Benin,,204,C B R, 36 333, 49 399, 62 465, 125 952, 165 593, 194 228, 208 657
   Burkina Faso,,854,B R, 181 818, 240 948, 269 808, 311 787, 353 499, 369 348, 379 658
   Cabo Verde,,132,B R, 4 502, 4 888, 5 274, 6 177, 7 080, 7 377, 7 803
   Côte d'Ivoire,,384,C B R, 804 677, 925 684, 965 148,1 010 400,1 056 078,1 102 503,1 144 609
   Gambia,,270,B R, 51 817, 68 842, 85 376, 85 643, 87 714, 91 039, 101 893
   Ghana,,288,B R, 81 821, 125 456, 94 322, 150 405, 157 736, 193 718, 222 009
   Guinea,,324,C B R, 202 361, 387 968, 280 967, 119 891, 85 495, 52 464, 50 052
   Guinea-Bissau,,624,B R, 7 679, 14 128, 10 295, 10 522, 10 928, 11 507, 9 078
   Liberia,,430,B R, 41 040, 96 916, 69 739, 36 020, 42 263, 48 032, 37 253
   Mali,,466,B R, 78 687, 85 316, 91 723, 125 286, 167 990, 207 286, 239 521
   Mauritania,,478,C R, 54 081, 42 547, 26 203, 25 569, 36 174, 72 482, 79 083
   Niger,,562,B R, 60 242, 76 248, 64 068, 65 315, 66 440, 133 083, 186 037
   Nigeria,,566,C R, 200 455, 204 908, 217 671, 405 102, 413 846, 541 228, 594 890
   Saint Helena*,4,654,C,  68,  47,  47,  78,  112,  126,  131
   Senegal,,686,B R, 131 570, 140 489, 110 409, 113 444, 120 213, 125 094, 129 338
   Sierra Leone,,694,B R, 99 250, 42 579, 43 790, 69 518, 35 643, 25 753, 23 338
   Togo,,768,C R, 41 941, 50 856, 68 856, 100 986, 126 140, 137 844, 138 129
 ASIA,,935,,22 540 097,21 642 121,22 771 840,24 166 143,28 436 334,32 640 303,35 821 598
  Central Asia,,5500,,3 658 339,3 249 196,2 861 949,2 822 686,2 774 394,2 796 457,2 878 594
   Kazakhstan,,398,B R,1 953 036,1 754 513,1 550 614,1 630 207,1 709 782,1 788 232,1 881 976
   Kyrgyzstan,,417,B R, 362 667, 301 700, 226 897, 181 335, 137 469, 121 766, 118 555
   Tajikistan,,762,B R, 240 928, 196 453, 167 846, 159 063, 158 028, 156 462, 156 857
   Turkmenistan,,795,B R, 172 326, 141 443, 116 257, 111 839, 107 345, 104 845, 102 563
   Uzbekistan,,860,B R, 929 382, 855 087, 800 335, 740 242, 661 770, 625 152, 618 643
  Eastern Asia,,906,,1 962 463,2 365 493,2 841 467,3 290 427,3 741 193,4 122 535,4 698 048
   China*,,156,C, 184 407, 219 180, 253 952, 299 027, 344 103, 377 910, 401 723
"   China, Hong Kong SAR*",,344,B R,1 093 929,1 268 711,1 443 493,1 536 114,1 632 411,1 720 131,1 854 522
"   China, Macao SAR*",,446,B, 108 668, 121 269, 131 400, 148 921, 172 099, 201 477, 216 169
"   China, Taiwan Province of China*",,158,,..,..,..,..,..,..,..
   Dem. People's Republic of Korea,,408,I, 16 710, 17 581, 18 452, 20 348, 22 244, 24 348, 24 895
   Japan,,392,C, 536 552, 682 159, 889 516,1 080 357,1 161 670,1 182 119,1 423 840
   Mongolia,,496,C R, 3 299, 3 465, 3 642, 3 900, 4 182, 6 602, 7 082
   Republic of Korea,,410,C R, 18 898, 53 128, 101 012, 201 760, 404 484, 609 948, 769 817
  South-Eastern Asia,,920,,1 365 512,1 783 437,2 498 832,3 252 682,4 153 117,4 804 461,4 972 120
   Brunei Darussalam,,96,B, 31 344, 36 916, 42 489, 43 176, 43 864, 44 552, 48 552
   Cambodia,,116,B R, 19 291, 46 869, 74 447, 56 551, 38 616, 34 108, 36 611
   Indonesia,,360,B R, 235 727, 187 360, 138 992, 124 023, 130 965, 141 407, 148 967
   Lao People's Democratic Republic,,418,C R, 11 060, 11 327, 10 384, 9 441, 12 822, 16 203, 17 338
   Malaysia*,,458,C R, 290 112, 402 404, 640 919, 784 963, 947 418,1 284 461,1 320 295
   Myanmar,,104,C, 61 235, 52 174, 45 861, 38 519, 34 840, 33 131, 34 548
   Philippines,,608,C R, 72 724, 99 821, 156 191, 124 445, 100 666, 102 079, 108 420
   Singapore,,702,B, 381 420, 535 081, 750 020, 951 832,1 207 938,1 387 011,1 411 131
   Thailand,,764,B R, 245 207, 383 430, 610 093,1 093 362,1 604 500,1 727 512,1 810 639
   Timor-Leste,,626,B R, 4 504, 4 980, 5 507, 5 708, 5 703, 3 372, 3 323
   Viet Nam,,704,C R, 12 888, 23 075, 23 929, 20 662, 25 785, 30 625, 32 296
  Southern Asia,,5501,,9 254 767,7 355 472,7 152 010,6 636 681,7 085 289,6 865 947,6 821 046
   Afghanistan,,4,B R, 25 128, 32 417, 33 069, 38 033, 44 550, 167 882, 74 909
   Bangladesh,,50,B R, 405 520, 430 746, 455 946, 490 124, 634 998, 670 438,1 021 430
   Bhutan,,64,B, 4 398, 5 168, 5 937, 7 537, 9 137, 7 710, 8 088
   India,,356,B R,3 627 331,3 343 260,3 107 740,3 005 251,2 874 523,2 736 332,2 604 792
   Iran (Islamic Republic of),,364,C R,1 922 508,1 325 240,1 111 079,1 150 470,1 231 978,1 242 536,1 279 717
   Maldives,,462,C, 3 912, 9 267, 12 185, 17 966, 12 947, 7 928, 8 642
   Nepal,,524,B R, 304 008, 473 137, 475 941, 444 877, 390 722, 353 110, 340 634
   Pakistan,,586,B R,2 943 824,1 718 085,1 931 952,1 464 215,1 868 169,1 661 050,1 463 776
   Sri Lanka,,144,B R, 18 138, 18 152, 18 161, 18 208, 18 265, 18 961, 19 058
  Western Asia,,922,,6 299 016,6 888 523,7 417 582,8 163 667,10 682 341,14 050 903,16 451 790
   Armenia,,51,B R, 388 254, 409 004, 387 730, 277 757, 125 478, 113 763, 112 264
   Azerbaijan*,,31,B R, 202 744, 194 561, 186 379, 166 691, 147 389, 137 703, 131 221
   Bahrain,,48,C R, 50 482, 61 752, 74 017, 115 404, 185 062, 192 941, 241 856
   Cyprus*,,196,B, 23 342, 34 337, 45 331, 69 317, 105 995, 99 336, 104 687
   Georgia*,,268,B R, 171 185, 85 592, 42 796, 40 081, 41 085, 43 115, 44 489
   Iraq,,368,C R, 27 887, 84 639, 90 061, 52 986, 45 931, 150 135, 164 339
   Israel,,376,B R, 861 927, 961 855, 997 597,1 021 698,1 063 303,1 098 828,1 067 058
   Jordan,,400,C R, 559 876, 752 372, 944 868,1 079 569,1 370 069,1 572 153,1 701 054
   Kuwait,,414,C R, 419 513, 330 502, 366 128, 414 812, 562 701, 964 281,1 046 729
   Lebanon,,422,B R, 255 771, 297 690, 339 608, 359 413, 380 134, 994 598, 873 056
   Oman,,512,C R, 61 523, 122 199, 135 219, 138 319, 157 481, 304 226, 388 811
   Qatar,,634,C, 83 821, 91 701, 85 455, 147 598, 249 842, 271 279, 383 407
   Saudi Arabia,,682,C R,1 673 572,1 706 217,1 745 619,2 032 014,2 496 675,3 309 864,4 219 712
   State of Palestine*,5,275,B, 156 231, 153 439, 150 647, 149 912, 149 180, 148 453, 148 047
   Syrian Arab Republic,,760,C R, 350 063, 407 495, 406 935, 429 874, 872 613, 408 749, 436 432
   Turkey,,792,B R, 586 357, 622 235, 664 956, 702 414, 743 881,1 956 031,2 928 487
   United Arab Emirates,,784,C R, 374 615, 514 250, 689 810, 892 816,1 853 251,2 104 956,2 296 540
   Yemen,,887,C R, 51 853, 58 683, 64 426, 72 992, 132 271, 180 492, 163 601
 EUROPE,,908,,25 488 837,27 576 826,29 357 473,32 814 734,36 540 570,38 951 008,44 726 904
  Eastern Europe,,923,,11 795 612,11 331 040,10 740 499,10 386 551,10 075 148,10 438 029,10 857 022
   Belarus,,112,B, 676 956, 642 975, 608 993, 599 994, 590 994, 586 944, 578 377
   Bulgaria,,100,B, 12 463, 18 793, 25 122, 34 480, 42 446, 63 745, 92 778
   Czechia,,203,C, 52 989, 77 276, 101 562, 140 821, 162 333, 177 226, 227 980
   Hungary,,348,B, 191 325, 175 032, 158 738, 192 571, 226 404, 239 789, 281 502
   Poland,,616,B, 645 595, 560 676, 486 928, 425 470, 380 154, 355 232, 426 805
   Republic of Moldova*,,498,B, 306 109, 211 934, 146 731, 103 198, 77 290, 62 907, 61 695
   Romania,,642,B, 78 224, 74 594, 71 133, 75 009, 89 544, 134 290, 318 364
   Russian Federation,,643,B,5 869 526,6 003 475,5 917 446,5 860 991,5 680 309,5 928 065,5 924 822
   Slovakia,,703,B, 23 108, 38 792, 65 123, 71 775, 79 381, 88 613, 96 610
   Ukraine*,,804,B,3 939 317,3 527 493,3 158 723,2 882 242,2 746 293,2 801 218,2 848 089
  Northern Europe,,924,,3 469 184,3 790 650,4 189 794,5 024 401,5 847 081,6 843 177,7 716 800
   Channel Islands*,6,830,B, 32 655, 32 051, 34 067, 37 330, 40 599, 42 969, 43 897
   Denmark*,7,208,B, 120 778, 155 914, 191 049, 227 286, 258 743, 304 445, 363 098
   Estonia,,233,B, 210 306, 179 487, 148 668, 139 457, 130 246, 114 640, 112 510
   Faroe Islands*,8,234,B, 1 845, 1 325, 1 672, 2 133, 2 396, 2 702, 3 270
   Finland*,,246,B, 31 573, 50 154, 68 734, 95 740, 113 376, 155 541, 187 230
   Iceland,,352,B, 5 336, 7 011, 8 685, 13 079, 17 472, 20 002, 29 708
   Ireland,,372,B, 115 868, 118 808, 177 593, 279 136, 370 102, 382 918, 436 500
   Isle of Man*,9,833,B, 18 398, 19 338, 20 277, 21 261, 22 086, 21 642, 22 053
   Latvia,,428,B, 355 207, 303 877, 252 546, 221 980, 189 111, 161 407, 142 400
   Lithuania,,440,B, 184 673, 144 946, 113 765, 107 020, 91 166, 78 513, 72 036
   Norway*,,578,B, 93 025, 116 080, 147 614, 184 700, 257 366, 357 005, 413 032
   Sweden,,752,B, 405 682, 485 077, 523 587, 587 300, 689 210, 815 652, 995 902
   United Kingdom*,10,826,B,1 893 838,2 176 582,2 501 537,3 107 979,3 665 208,4 385 741,4 895 164
  Southern Europe,,925,,2 277 442,3 270 535,3 992 732,6 152 869,8 329 622,8 388 373,9 310 624
   Albania,,8,B, 35 434, 38 070, 40 705, 31 746, 25 883, 25 514, 23 902
   Andorra,,20,C, 17 901, 20 618, 20 054, 23 832, 24 766, 20 779, 22 241
   Bosnia and Herzegovina,,70,I R, 29 462, 36 361, 43 261, 24 806, 20 364, 20 185, 19 162
   Croatia,,191,B, 252 907, 358 352, 310 475, 307 628, 304 782, 300 620, 282 492
   Gibraltar*,11,292,B, 4 181, 4 185, 4 189, 4 693, 5 198, 5 474, 5 534
   Greece,,300,B, 288 101, 412 846, 551 871, 603 030, 680 418, 672 395, 697 817
   Holy See*,,336,I,  386,  399,  411,  417,  408,  414,  437
   Italy,,380,B, 785 805, 965 401,1 144 997,2 134 500,3 124 004,3 167 530,3 421 084
   Malta,,470,B, 8 065, 9 374, 11 232, 12 661, 15 890, 24 310, 48 705
   Montenegro,,499,B,..,..,..,.., 46 873, 43 541, 43 004
   North Macedonia,,807,B, 55 481, 63 762, 73 280, 74 447, 75 634, 76 234, 76 571
   Portugal,,620,B, 225 860, 273 485, 331 153, 394 410, 391 289, 466 424, 522 027
   San Marino,,674,C, 1 582, 1 719, 1 870, 1 916, 2 119, 2 328, 2 552
   Serbia*,,688,B, 52 557, 480 846, 540 271, 471 760, 461 518, 452 261, 460 518
   Slovenia,,705,B, 88 563, 84 164, 99 736, 100 477, 108 648, 103 156, 115 149
   Spain*,,724,B, 431 157, 520 953, 819 227,1 966 546,3 041 828,3 007 208,3 569 429
  Western Europe,,926,,7 946 599,9 184 601,10 434 448,11 250 913,12 288 719,13 281 429,16 842 458
   Austria,,40,B, 424 952, 471 591, 518 229, 588 240, 667 710, 768 586, 889 788
   Belgium,,56,B, 626 040, 636 215, 632 093, 627 809, 776 925, 913 499,1 021 362
   France*,12,250,B,2 897 891,3 041 910,3 185 929,3 436 741,3 755 459,4 069 765,4 394 139
   Germany,,276,B,2 643 053,3 566 009,4 488 965,4 726 269,4 963 574,5 182 457,7 870 822
   Liechtenstein,,438,B, 4 950, 6 243, 7 503, 9 464, 11 475, 12 194, 13 258
   Luxembourg,,442,B, 57 733, 63 814, 70 464, 75 667, 81 722, 122 759, 146 409
   Monaco,,492,B, 10 888, 11 105, 11 329, 10 990, 10 807, 13 384, 13 704
   Netherlands*,13,528,B, 589 920, 677 928, 791 035, 892 683, 951 246,1 044 005,1 223 929
   Switzerland,,756,B, 691 172, 709 786, 728 901, 883 050,1 069 801,1 154 780,1 269 047
 LATIN AMERICA AND THE CARIBBEAN,,904,,3 553 754,3 326 324,3 273 509,3 611 615,4 187 157,4 702 854,7 321 202
  Caribbean,,915,, 492 111, 539 446, 589 189, 619 659, 654 333, 702 214, 752 674
   Anguilla*,14,660,B R, 1 312, 1 733, 2 153, 2 474, 2 688, 2 877, 3 009
   Antigua and Barbuda,,28,B R, 6 254, 9 504, 12 755, 13 689, 14 624, 15 558, 16 266
   Aruba*,15,533,B R, 8 015, 12 300, 16 585, 17 981, 19 016, 20 006, 29 286
   Bahamas,,44,B R, 13 028, 15 034, 17 040, 21 918, 26 862, 29 278, 31 422
   Barbados,,52,B R, 13 959, 14 989, 16 019, 17 049, 18 079, 18 987, 19 201
"   Bonaire, Sint Eustatius and Saba*",16,535,B,..,..,..,..,..,..,..
   British Virgin Islands*,18,92,B R, 3 909, 5 012, 6 572, 7 615, 8 781, 10 122, 11 483
   Cayman Islands*,19,136,C R, 4 728, 6 327, 9 505, 10 164, 11 752, 12 787, 14 225
   Cuba,,192,B, 17 277, 13 628, 10 333, 6 541, 4 141, 2 622, 1 712
   Curaçao*,20,531,B R,..,..,..,.., 20 434, 22 144, 32 252
   Dominica,,212,B, 1 210, 1 498, 1 768, 2 253, 3 910, 3 878, 3 970
   Dominican Republic,,214,B R, 109 474, 124 539, 139 603, 147 591, 155 671, 195 841, 221 252
   Grenada,,308,B, 2 157, 2 798, 3 439, 3 478, 3 517, 3 555, 3 921
   Guadeloupe*,21,312,B, 33 226, 38 318, 43 410, 47 792, 52 174, 52 276, 52 292
   Haiti,,332,B R, 8 478, 8 053, 7 650, 7 267, 7 630, 8 011, 8 385
   Jamaica,,388,B R, 10 494, 11 471, 12 449, 12 036, 11 653, 11 400, 11 621
   Martinique*,22,474,B R, 19 614, 24 328, 29 041, 31 143, 33 245, 39 742, 39 425
   Montserrat*,23,500,B,  984,  787,  589,  605,  627,  655,  668
   Puerto Rico*,24,630,B, 168 555, 177 328, 186 558, 185 364, 162 030, 149 578, 132 264
   Saint Barthélemy*,,652,,..,..,..,..,..,..,..
   Saint Kitts and Nevis,,659,B R, 1 568, 2 052, 2 803, 3 181, 3 439, 3 527, 3 659
   Saint Lucia,,662,B R, 2 687, 3 592, 4 911, 4 998, 4 673, 4 494, 4 334
   Saint Martin (French part)*,,663,,..,..,..,..,..,..,..
   Saint Vincent and the Grenadines,,670,B R, 2 042, 2 124, 2 208, 2 238, 2 267, 2 282, 2 295
   Sint Maarten (Dutch part)*,25,534,B R,..,..,.., 6 814, 13 633, 14 218, 15 023
   Trinidad and Tobago,,780,B R, 27 138, 24 691, 22 465, 24 165, 25 074, 25 557, 39 670
   Turks and Caicos Islands*,26,796,B R, 2 442, 3 396, 4 350, 6 328, 8 309, 10 964, 12 423
   United States Virgin Islands*,27,850,B, 27 146, 28 481, 29 881, 29 921, 29 962, 29 993, 30 009
  Central America,,916,, 926 578, 655 672, 552 691, 689 856, 875 999, 935 476,1 136 071
   Belize,,84,B R , 14 011, 15 934, 17 857, 20 386, 22 915, 27 142, 30 833
   Costa Rica,,188,B R, 205 455, 179 802, 154 148, 181 953, 209 724, 214 084, 257 093
   El Salvador,,222,B R, 25 142, 20 973, 16 804, 18 995, 21 185, 22 053, 22 423
   Guatemala,,320,B R, 151 642, 89 275, 26 908, 31 166, 35 467, 39 124, 44 395
   Honduras,,340,B R, 132 850, 73 365, 13 880, 13 458, 12 982, 18 207, 18 620
   Mexico,,484,B R, 347 321, 228 960, 267 155, 352 924, 478 931, 505 459, 596 115
   Nicaragua,,558,B R, 20 561, 13 255, 14 966, 17 145, 18 210, 19 538, 20 484
   Panama,,591,B R, 29 596, 34 108, 40 973, 53 829, 76 585, 89 869, 146 108
  South America,,931,,2 135 065,2 131 206,2 131 629,2 302 100,2 656 825,3 065 164,5 432 457
   Argentina,,32,B R, 861 789, 842 042, 822 295, 898 855, 974 261,1 125 991,1 219 195
   Bolivia (Plurinational State of),,68,B R, 36 209, 40 792, 44 993, 51 726, 58 466, 68 059, 78 160
   Brazil,,76,B R, 372 370, 345 405, 318 440, 295 563, 272 719, 326 847, 496 827
   Chile,,152,B, 52 954, 72 785, 92 615, 144 946, 197 277, 320 010, 814 942
   Colombia,,170,B, 51 168, 52 277, 53 386, 51 585, 61 918, 74 249, 951 658
   Ecuador,,218,B R, 40 132, 57 214, 74 296, 92 421, 181 756, 187 161, 377 927
   Falkland Islands (Malvinas)*,28,238,B,  367,  358,  431,  491,  629,  698,  868
   French Guiana*,29,254,B R, 28 769, 33 262, 37 754, 43 739, 49 724, 55 709, 62 607
   Guyana,,328,B R, 1 895, 2 947, 3 999, 5 051, 3 652, 3 867, 16 672
   Paraguay,,600,B R, 93 068, 88 701, 84 556, 80 545, 76 905, 75 159, 81 256
   Peru,,604,B R, 28 312, 28 670, 33 461, 38 918, 48 609, 63 684, 582 115
   Suriname,,740,C R, 8 316, 10 229, 12 568, 15 324, 18 055, 19 583, 21 530
   Uruguay,,858,B R, 52 286, 50 001, 47 779, 44 659, 41 768, 43 157, 57 330
   Venezuela (Bolivarian Republic of),,862,B R, 507 430, 506 523, 505 056, 538 277, 671 086, 700 990, 671 370
 NORTHERN AMERICA,,905,,14 113 182,16 939 083,20 367 878,22 818 532,26 026 131,28 639 816,30 387 369
   Bermuda*,30,60,B, 8 126, 8 632, 9 144, 9 325, 9 512, 9 791, 10 015
   Canada,,124,B,2 223 666,2 508 673,2 852 779,3 163 147,3 524 687,3 895 493,4 220 962
   Greenland*,31,304,B, 2 810, 2 246, 1 985, 2 095, 1 972, 2 058, 2 077
   Saint Pierre and Miquelon*,32,666,B,  539,  638,  702,  550,  486,  470,  475
   United States of America*,33,840,B,11 878 041,14 418 894,17 503 268,19 643 415,22 489 474,24 732 004,26 153 840
 OCEANIA ,,909,,2 316 281,2 486 945,2 685 066,3 035 926,3 589 063,4 065 811,4 734 797
  Australia and New Zealand,,927,,2 201 841,2 359 437,2 545 236,2 891 102,3 449 346,3 923 349,4 587 233
   Australia*,,36,B,1 942 017,2 060 050,2 196 350,2 458 840,2 960 950,3 386 400,3 873 673
   New Zealand*,34,554,B, 259 824, 299 387, 348 886, 432 262, 488 396, 536 949, 713 560
  Melanesia,,928,, 40 488, 42 739, 42 330, 46 330, 49 163, 53 974, 56 259
   Fiji,,242,B R, 6 436, 6 275, 6 118, 5 871, 6 214, 6 330, 6 486
   New Caledonia*,,540,B, 16 788, 19 754, 22 719, 25 496, 28 272, 32 700, 34 857
   Papua New Guinea,,598,C R, 14 348, 13 694, 10 430, 12 120, 11 959, 12 206, 12 173
   Solomon Islands,,90,B R, 1 877, 1 850, 1 757, 1 441, 1 214, 1 135, 1 105
   Vanuatu,,548,B R, 1 039, 1 166, 1 306, 1 402, 1 504, 1 603, 1 638
  Micronesia,,954,, 48 111, 55 641, 65 258, 64 621, 56 989, 56 064, 58 798
   Guam*,35,316,B, 30 391, 33 090, 35 790, 36 141, 36 492, 36 843, 38 964
   Kiribati,,296,B, 1 055, 1 084, 1 095, 1 175, 1 356, 1 380, 1 476
   Marshall Islands,,584,B,  437,  564,  727,  932, 1 194, 1 273, 1 277
   Micronesia (Fed. States of),,583,B, 1 586, 1 223, 1 395, 1 340, 1 303, 1 283, 1 317
   Nauru,,520,C R, 1 309, 1 210, 1 111, 1 045,  420,  796,  904
   Northern Mariana Islands*,36,580,B, 12 332, 16 529, 22 735, 21 565, 13 945, 12 548, 12 660
   Palau,,585,B, 1 001, 1 941, 2 405, 2 423, 2 279, 1 941, 2 200
  Polynesia*,,957,, 25 841, 29 128, 32 242, 33 873, 33 565, 32 424, 32 507
   American Samoa*,,16,B, 10 108, 11 061, 12 014, 11 735, 11 457, 11 515, 11 561
   Cook Islands*,37,184,B R, 1 144, 1 189, 1 233, 1 553, 1 874, 2 078, 2 289
   French Polynesia*,38,258,B R, 10 386, 11 671, 12 725, 13 881, 13 603, 12 922, 12 931
   Niue*,39,570,B,  216,  223,  230,  240,  270,  269,  269
   Samoa,,882,B R, 1 586, 2 243, 2 897, 2 806, 2 528, 2 104, 1 990
   Tokelau*,40,772,B R,  164,  238,  346,  503,  585,  621,  652
   Tonga,,776,B R, 1 423, 1 556, 1 703, 1 977, 2 104, 1 796, 1 698
   Tuvalu,,798,C,  138,  115,  97,  94,  99,  104,  107
   Wallis and Futuna Islands*,41,876,B R,  676,  832,  997, 1 084, 1 045, 1 015, 1 010
